StartDate,StartTime,EndDate,EndTime,Title,Description,Location
2025-08-18,18:00,2025-08-18,19:00,Fizyoterapi Seansı,"Klinik seansı
Durum: Genel kas-iskelet sistemi rehabilitasyonu
Hedefler: Ağrıyı azaltmak, Hareket açıklığını artırmak, Kuvvet ve dayanıklılığı geliştirmek, Günlük aktivitelere güvenli dönüş
Not: Ağrı 0-10 arasında 3'ün üzerine çıkarsa egzersizi azaltın veya durdurun. Şişlik/ısı artışı varsa buz ve elevasyon uygulayın; gerekirse profesyonel destek alın.
Detaylı içerik: plan.md",Klinik
2025-08-20,18:00,2025-08-20,19:00,Fizyoterapi Seansı,"Klinik seansı
Durum: Genel kas-iskelet sistemi rehabilitasyonu
Hedefler: Ağrıyı azaltmak, Hareket açıklığını artırmak, Kuvvet ve dayanıklılığı geliştirmek, Günlük aktivitelere güvenli dönüş
Not: Ağrı 0-10 arasında 3'ün üzerine çıkarsa egzersizi azaltın veya durdurun. Şişlik/ısı artışı varsa buz ve elevasyon uygulayın; gerekirse profesyonel destek alın.
Detaylı içerik: plan.md",Klinik
2025-08-22,18:00,2025-08-22,19:00,Fizyoterapi Seansı,"Klinik seansı
Durum: Genel kas-iskelet sistemi rehabilitasyonu
Hedefler: Ağrıyı azaltmak, Hareket açıklığını artırmak, Kuvvet ve dayanıklılığı geliştirmek, Günlük aktivitelere güvenli dönüş
Not: Ağrı 0-10 arasında 3'ün üzerine çıkarsa egzersizi azaltın veya durdurun. Şişlik/ısı artışı varsa buz ve elevasyon uygulayın; gerekirse profesyonel destek alın.
Detaylı içerik: plan.md",Klinik
2025-08-25,18:00,2025-08-25,19:00,Fizyoterapi Seansı,"Klinik seansı
Durum: Genel kas-iskelet sistemi rehabilitasyonu
Hedefler: Ağrıyı azaltmak, Hareket açıklığını artırmak, Kuvvet ve dayanıklılığı geliştirmek, Günlük aktivitelere güvenli dönüş
Not: Ağrı 0-10 arasında 3'ün üzerine çıkarsa egzersizi azaltın veya durdurun. Şişlik/ısı artışı varsa buz ve elevasyon uygulayın; gerekirse profesyonel destek alın.
Detaylı içerik: plan.md",Klinik
2025-08-27,18:00,2025-08-27,19:00,Fizyoterapi Seansı,"Klinik seansı
Durum: Genel kas-iskelet sistemi rehabilitasyonu
Hedefler: Ağrıyı azaltmak, Hareket açıklığını artırmak, Kuvvet ve dayanıklılığı geliştirmek, Günlük aktivitelere güvenli dönüş
Not: Ağrı 0-10 arasında 3'ün üzerine çıkarsa egzersizi azaltın veya durdurun. Şişlik/ısı artışı varsa buz ve elevasyon uygulayın; gerekirse profesyonel destek alın.
Detaylı içerik: plan.md",Klinik
2025-08-29,18:00,2025-08-29,19:00,Fizyoterapi Seansı,"Klinik seansı
Durum: Genel kas-iskelet sistemi rehabilitasyonu
Hedefler: Ağrıyı azaltmak, Hareket açıklığını artırmak, Kuvvet ve dayanıklılığı geliştirmek, Günlük aktivitelere güvenli dönüş
Not: Ağrı 0-10 arasında 3'ün üzerine çıkarsa egzersizi azaltın veya durdurun. Şişlik/ısı artışı varsa buz ve elevasyon uygulayın; gerekirse profesyonel destek alın.
Detaylı içerik: plan.md",Klinik
2025-09-01,18:00,2025-09-01,19:00,Fizyoterapi Seansı,"Klinik seansı
Durum: Genel kas-iskelet sistemi rehabilitasyonu
Hedefler: Ağrıyı azaltmak, Hareket açıklığını artırmak, Kuvvet ve dayanıklılığı geliştirmek, Günlük aktivitelere güvenli dönüş
Not: Ağrı 0-10 arasında 3'ün üzerine çıkarsa egzersizi azaltın veya durdurun. Şişlik/ısı artışı varsa buz ve elevasyon uygulayın; gerekirse profesyonel destek alın.
Detaylı içerik: plan.md",Klinik
2025-09-03,18:00,2025-09-03,19:00,Fizyoterapi Seansı,"Klinik seansı
Durum: Genel kas-iskelet sistemi rehabilitasyonu
Hedefler: Ağrıyı azaltmak, Hareket açıklığını artırmak, Kuvvet ve dayanıklılığı geliştirmek, Günlük aktivitelere güvenli dönüş
Not: Ağrı 0-10 arasında 3'ün üzerine çıkarsa egzersizi azaltın veya durdurun. Şişlik/ısı artışı varsa buz ve elevasyon uygulayın; gerekirse profesyonel destek alın.
Detaylı içerik: plan.md",Klinik
2025-09-05,18:00,2025-09-05,19:00,Fizyoterapi Seansı,"Klinik seansı
Durum: Genel kas-iskelet sistemi rehabilitasyonu
Hedefler: Ağrıyı azaltmak, Hareket açıklığını artırmak, Kuvvet ve dayanıklılığı geliştirmek, Günlük aktivitelere güvenli dönüş
Not: Ağrı 0-10 arasında 3'ün üzerine çıkarsa egzersizi azaltın veya durdurun. Şişlik/ısı artışı varsa buz ve elevasyon uygulayın; gerekirse profesyonel destek alın.
Detaylı içerik: plan.md",Klinik
2025-09-08,18:00,2025-09-08,19:00,Fizyoterapi Seansı,"Klinik seansı
Durum: Genel kas-iskelet sistemi rehabilitasyonu
Hedefler: Ağrıyı azaltmak, Hareket açıklığını artırmak, Kuvvet ve dayanıklılığı geliştirmek, Günlük aktivitelere güvenli dönüş
Not: Ağrı 0-10 arasında 3'ün üzerine çıkarsa egzersizi azaltın veya durdurun. Şişlik/ısı artışı varsa buz ve elevasyon uygulayın; gerekirse profesyonel destek alın.
Detaylı içerik: plan.md",Klinik
2025-09-10,18:00,2025-09-10,19:00,Fizyoterapi Seansı,"Klinik seansı
Durum: Genel kas-iskelet sistemi rehabilitasyonu
Hedefler: Ağrıyı azaltmak, Hareket açıklığını artırmak, Kuvvet ve dayanıklılığı geliştirmek, Günlük aktivitelere güvenli dönüş
Not: Ağrı 0-10 arasında 3'ün üzerine çıkarsa egzersizi azaltın veya durdurun. Şişlik/ısı artışı varsa buz ve elevasyon uygulayın; gerekirse profesyonel destek alın.
Detaylı içerik: plan.md",Klinik
2025-09-12,18:00,2025-09-12,19:00,Fizyoterapi Seansı,"Klinik seansı
Durum: Genel kas-iskelet sistemi rehabilitasyonu
Hedefler: Ağrıyı azaltmak, Hareket açıklığını artırmak, Kuvvet ve dayanıklılığı geliştirmek, Günlük aktivitelere güvenli dönüş
Not: Ağrı 0-10 arasında 3'ün üzerine çıkarsa egzersizi azaltın veya durdurun. Şişlik/ısı artışı varsa buz ve elevasyon uygulayın; gerekirse profesyonel destek alın.
Detaylı içerik: plan.md",Klinik
2025-09-15,18:00,2025-09-15,19:00,Fizyoterapi Seansı,"Klinik seansı
Durum: Genel kas-iskelet sistemi rehabilitasyonu
Hedefler: Ağrıyı azaltmak, Hareket açıklığını artırmak, Kuvvet ve dayanıklılığı geliştirmek, Günlük aktivitelere güvenli dönüş
Not: Ağrı 0-10 arasında 3'ün üzerine çıkarsa egzersizi azaltın veya durdurun. Şişlik/ısı artışı varsa buz ve elevasyon uygulayın; gerekirse profesyonel destek alın.
Detaylı içerik: plan.md",Klinik
2025-09-17,18:00,2025-09-17,19:00,Fizyoterapi Seansı,"Klinik seansı
Durum: Genel kas-iskelet sistemi rehabilitasyonu
Hedefler: Ağrıyı azaltmak, Hareket açıklığını artırmak, Kuvvet ve dayanıklılığı geliştirmek, Günlük aktivitelere güvenli dönüş
Not: Ağrı 0-10 arasında 3'ün üzerine çıkarsa egzersizi azaltın veya durdurun. Şişlik/ısı artışı varsa buz ve elevasyon uygulayın; gerekirse profesyonel destek alın.
Detaylı içerik: plan.md",Klinik
2025-09-19,18:00,2025-09-19,19:00,Fizyoterapi Seansı,"Klinik seansı
Durum: Genel kas-iskelet sistemi rehabilitasyonu
Hedefler: Ağrıyı azaltmak, Hareket açıklığını artırmak, Kuvvet ve dayanıklılığı geliştirmek, Günlük aktivitelere güvenli dönüş
Not: Ağrı 0-10 arasında 3'ün üzerine çıkarsa egzersizi azaltın veya durdurun. Şişlik/ısı artışı varsa buz ve elevasyon uygulayın; gerekirse profesyonel destek alın.
Detaylı içerik: plan.md",Klinik
2025-09-22,18:00,2025-09-22,19:00,Fizyoterapi Seansı,"Klinik seansı
Durum: Genel kas-iskelet sistemi rehabilitasyonu
Hedefler: Ağrıyı azaltmak, Hareket açıklığını artırmak, Kuvvet ve dayanıklılığı geliştirmek, Günlük aktivitelere güvenli dönüş
Not: Ağrı 0-10 arasında 3'ün üzerine çıkarsa egzersizi azaltın veya durdurun. Şişlik/ısı artışı varsa buz ve elevasyon uygulayın; gerekirse profesyonel destek alın.
Detaylı içerik: plan.md",Klinik
2025-09-24,18:00,2025-09-24,19:00,Fizyoterapi Seansı,"Klinik seansı
Durum: Genel kas-iskelet sistemi rehabilitasyonu
Hedefler: Ağrıyı azaltmak, Hareket açıklığını artırmak, Kuvvet ve dayanıklılığı geliştirmek, Günlük aktivitelere güvenli dönüş
Not: Ağrı 0-10 arasında 3'ün üzerine çıkarsa egzersizi azaltın veya durdurun. Şişlik/ısı artışı varsa buz ve elevasyon uygulayın; gerekirse profesyonel destek alın.
Detaylı içerik: plan.md",Klinik
2025-09-26,18:00,2025-09-26,19:00,Fizyoterapi Seansı,"Klinik seansı
Durum: Genel kas-iskelet sistemi rehabilitasyonu
Hedefler: Ağrıyı azaltmak, Hareket açıklığını artırmak, Kuvvet ve dayanıklılığı geliştirmek, Günlük aktivitelere güvenli dönüş
Not: Ağrı 0-10 arasında 3'ün üzerine çıkarsa egzersizi azaltın veya durdurun. Şişlik/ısı artışı varsa buz ve elevasyon uygulayın; gerekirse profesyonel destek alın.
Detaylı içerik: plan.md",Klinik
2025-09-29,18:00,2025-09-29,19:00,Fizyoterapi Seansı,"Klinik seansı
Durum: Genel kas-iskelet sistemi rehabilitasyonu
Hedefler: Ağrıyı azaltmak, Hareket açıklığını artırmak, Kuvvet ve dayanıklılığı geliştirmek, Günlük aktivitelere güvenli dönüş
Not: Ağrı 0-10 arasında 3'ün üzerine çıkarsa egzersizi azaltın veya durdurun. Şişlik/ısı artışı varsa buz ve elevasyon uygulayın; gerekirse profesyonel destek alın.
Detaylı içerik: plan.md",Klinik
2025-10-01,18:00,2025-10-01,19:00,Fizyoterapi Seansı,"Klinik seansı
Durum: Genel kas-iskelet sistemi rehabilitasyonu
Hedefler: Ağrıyı azaltmak, Hareket açıklığını artırmak, Kuvvet ve dayanıklılığı geliştirmek, Günlük aktivitelere güvenli dönüş
Not: Ağrı 0-10 arasında 3'ün üzerine çıkarsa egzersizi azaltın veya durdurun. Şişlik/ısı artışı varsa buz ve elevasyon uygulayın; gerekirse profesyonel destek alın.
Detaylı içerik: plan.md",Klinik
2025-10-03,18:00,2025-10-03,19:00,Fizyoterapi Seansı,"Klinik seansı
Durum: Genel kas-iskelet sistemi rehabilitasyonu
Hedefler: Ağrıyı azaltmak, Hareket açıklığını artırmak, Kuvvet ve dayanıklılığı geliştirmek, Günlük aktivitelere güvenli dönüş
Not: Ağrı 0-10 arasında 3'ün üzerine çıkarsa egzersizi azaltın veya durdurun. Şişlik/ısı artışı varsa buz ve elevasyon uygulayın; gerekirse profesyonel destek alın.
Detaylı içerik: plan.md",Klinik
2025-10-06,18:00,2025-10-06,19:00,Fizyoterapi Seansı,"Klinik seansı
Durum: Genel kas-iskelet sistemi rehabilitasyonu
Hedefler: Ağrıyı azaltmak, Hareket açıklığını artırmak, Kuvvet ve dayanıklılığı geliştirmek, Günlük aktivitelere güvenli dönüş
Not: Ağrı 0-10 arasında 3'ün üzerine çıkarsa egzersizi azaltın veya durdurun. Şişlik/ısı artışı varsa buz ve elevasyon uygulayın; gerekirse profesyonel destek alın.
Detaylı içerik: plan.md",Klinik
2025-10-08,18:00,2025-10-08,19:00,Fizyoterapi Seansı,"Klinik seansı
Durum: Genel kas-iskelet sistemi rehabilitasyonu
Hedefler: Ağrıyı azaltmak, Hareket açıklığını artırmak, Kuvvet ve dayanıklılığı geliştirmek, Günlük aktivitelere güvenli dönüş
Not: Ağrı 0-10 arasında 3'ün üzerine çıkarsa egzersizi azaltın veya durdurun. Şişlik/ısı artışı varsa buz ve elevasyon uygulayın; gerekirse profesyonel destek alın.
Detaylı içerik: plan.md",Klinik
2025-10-10,18:00,2025-10-10,19:00,Fizyoterapi Seansı,"Klinik seansı
Durum: Genel kas-iskelet sistemi rehabilitasyonu
Hedefler: Ağrıyı azaltmak, Hareket açıklığını artırmak, Kuvvet ve dayanıklılığı geliştirmek, Günlük aktivitelere güvenli dönüş
Not: Ağrı 0-10 arasında 3'ün üzerine çıkarsa egzersizi azaltın veya durdurun. Şişlik/ısı artışı varsa buz ve elevasyon uygulayın; gerekirse profesyonel destek alın.
Detaylı içerik: plan.md",Klinik
2025-08-18,09:00,2025-08-18,09:20,Ev Egzersizleri,"Ev egzersizleri
Durum: Genel kas-iskelet sistemi rehabilitasyonu
Hedefler: Ağrıyı azaltmak, Hareket açıklığını artırmak, Kuvvet ve dayanıklılığı geliştirmek, Günlük aktivitelere güvenli dönüş
Not: Ağrı 0-10 arasında 3'ün üzerine çıkarsa egzersizi azaltın veya durdurun. Şişlik/ısı artışı varsa buz ve elevasyon uygulayın; gerekirse profesyonel destek alın.
Detaylı içerik: plan.md",Ev
2025-08-19,09:00,2025-08-19,09:20,Ev Egzersizleri,"Ev egzersizleri
Durum: Genel kas-iskelet sistemi rehabilitasyonu
Hedefler: Ağrıyı azaltmak, Hareket açıklığını artırmak, Kuvvet ve dayanıklılığı geliştirmek, Günlük aktivitelere güvenli dönüş
Not: Ağrı 0-10 arasında 3'ün üzerine çıkarsa egzersizi azaltın veya durdurun. Şişlik/ısı artışı varsa buz ve elevasyon uygulayın; gerekirse profesyonel destek alın.
Detaylı içerik: plan.md",Ev
2025-08-20,09:00,2025-08-20,09:20,Ev Egzersizleri,"Ev egzersizleri
Durum: Genel kas-iskelet sistemi rehabilitasyonu
Hedefler: Ağrıyı azaltmak, Hareket açıklığını artırmak, Kuvvet ve dayanıklılığı geliştirmek, Günlük aktivitelere güvenli dönüş
Not: Ağrı 0-10 arasında 3'ün üzerine çıkarsa egzersizi azaltın veya durdurun. Şişlik/ısı artışı varsa buz ve elevasyon uygulayın; gerekirse profesyonel destek alın.
Detaylı içerik: plan.md",Ev
2025-08-21,09:00,2025-08-21,09:20,Ev Egzersizleri,"Ev egzersizleri
Durum: Genel kas-iskelet sistemi rehabilitasyonu
Hedefler: Ağrıyı azaltmak, Hareket açıklığını artırmak, Kuvvet ve dayanıklılığı geliştirmek, Günlük aktivitelere güvenli dönüş
Not: Ağrı 0-10 arasında 3'ün üzerine çıkarsa egzersizi azaltın veya durdurun. Şişlik/ısı artışı varsa buz ve elevasyon uygulayın; gerekirse profesyonel destek alın.
Detaylı içerik: plan.md",Ev
2025-08-22,09:00,2025-08-22,09:20,Ev Egzersizleri,"Ev egzersizleri
Durum: Genel kas-iskelet sistemi rehabilitasyonu
Hedefler: Ağrıyı azaltmak, Hareket açıklığını artırmak, Kuvvet ve dayanıklılığı geliştirmek, Günlük aktivitelere güvenli dönüş
Not: Ağrı 0-10 arasında 3'ün üzerine çıkarsa egzersizi azaltın veya durdurun. Şişlik/ısı artışı varsa buz ve elevasyon uygulayın; gerekirse profesyonel destek alın.
Detaylı içerik: plan.md",Ev
2025-08-23,09:00,2025-08-23,09:20,Ev Egzersizleri,"Ev egzersizleri
Durum: Genel kas-iskelet sistemi rehabilitasyonu
Hedefler: Ağrıyı azaltmak, Hareket açıklığını artırmak, Kuvvet ve dayanıklılığı geliştirmek, Günlük aktivitelere güvenli dönüş
Not: Ağrı 0-10 arasında 3'ün üzerine çıkarsa egzersizi azaltın veya durdurun. Şişlik/ısı artışı varsa buz ve elevasyon uygulayın; gerekirse profesyonel destek alın.
Detaylı içerik: plan.md",Ev
2025-08-25,09:00,2025-08-25,09:20,Ev Egzersizleri,"Ev egzersizleri
Durum: Genel kas-iskelet sistemi rehabilitasyonu
Hedefler: Ağrıyı azaltmak, Hareket açıklığını artırmak, Kuvvet ve dayanıklılığı geliştirmek, Günlük aktivitelere güvenli dönüş
Not: Ağrı 0-10 arasında 3'ün üzerine çıkarsa egzersizi azaltın veya durdurun. Şişlik/ısı artışı varsa buz ve elevasyon uygulayın; gerekirse profesyonel destek alın.
Detaylı içerik: plan.md",Ev
2025-08-26,09:00,2025-08-26,09:20,Ev Egzersizleri,"Ev egzersizleri
Durum: Genel kas-iskelet sistemi rehabilitasyonu
Hedefler: Ağrıyı azaltmak, Hareket açıklığını artırmak, Kuvvet ve dayanıklılığı geliştirmek, Günlük aktivitelere güvenli dönüş
Not: Ağrı 0-10 arasında 3'ün üzerine çıkarsa egzersizi azaltın veya durdurun. Şişlik/ısı artışı varsa buz ve elevasyon uygulayın; gerekirse profesyonel destek alın.
Detaylı içerik: plan.md",Ev
2025-08-27,09:00,2025-08-27,09:20,Ev Egzersizleri,"Ev egzersizleri
Durum: Genel kas-iskelet sistemi rehabilitasyonu
Hedefler: Ağrıyı azaltmak, Hareket açıklığını artırmak, Kuvvet ve dayanıklılığı geliştirmek, Günlük aktivitelere güvenli dönüş
Not: Ağrı 0-10 arasında 3'ün üzerine çıkarsa egzersizi azaltın veya durdurun. Şişlik/ısı artışı varsa buz ve elevasyon uygulayın; gerekirse profesyonel destek alın.
Detaylı içerik: plan.md",Ev
2025-08-28,09:00,2025-08-28,09:20,Ev Egzersizleri,"Ev egzersizleri
Durum: Genel kas-iskelet sistemi rehabilitasyonu
Hedefler: Ağrıyı azaltmak, Hareket açıklığını artırmak, Kuvvet ve dayanıklılığı geliştirmek, Günlük aktivitelere güvenli dönüş
Not: Ağrı 0-10 arasında 3'ün üzerine çıkarsa egzersizi azaltın veya durdurun. Şişlik/ısı artışı varsa buz ve elevasyon uygulayın; gerekirse profesyonel destek alın.
Detaylı içerik: plan.md",Ev
2025-08-29,09:00,2025-08-29,09:20,Ev Egzersizleri,"Ev egzersizleri
Durum: Genel kas-iskelet sistemi rehabilitasyonu
Hedefler: Ağrıyı azaltmak, Hareket açıklığını artırmak, Kuvvet ve dayanıklılığı geliştirmek, Günlük aktivitelere güvenli dönüş
Not: Ağrı 0-10 arasında 3'ün üzerine çıkarsa egzersizi azaltın veya durdurun. Şişlik/ısı artışı varsa buz ve elevasyon uygulayın; gerekirse profesyonel destek alın.
Detaylı içerik: plan.md",Ev
2025-08-30,09:00,2025-08-30,09:20,Ev Egzersizleri,"Ev egzersizleri
Durum: Genel kas-iskelet sistemi rehabilitasyonu
Hedefler: Ağrıyı azaltmak, Hareket açıklığını artırmak, Kuvvet ve dayanıklılığı geliştirmek, Günlük aktivitelere güvenli dönüş
Not: Ağrı 0-10 arasında 3'ün üzerine çıkarsa egzersizi azaltın veya durdurun. Şişlik/ısı artışı varsa buz ve elevasyon uygulayın; gerekirse profesyonel destek alın.
Detaylı içerik: plan.md",Ev
2025-09-01,09:00,2025-09-01,09:20,Ev Egzersizleri,"Ev egzersizleri
Durum: Genel kas-iskelet sistemi rehabilitasyonu
Hedefler: Ağrıyı azaltmak, Hareket açıklığını artırmak, Kuvvet ve dayanıklılığı geliştirmek, Günlük aktivitelere güvenli dönüş
Not: Ağrı 0-10 arasında 3'ün üzerine çıkarsa egzersizi azaltın veya durdurun. Şişlik/ısı artışı varsa buz ve elevasyon uygulayın; gerekirse profesyonel destek alın.
Detaylı içerik: plan.md",Ev
2025-09-02,09:00,2025-09-02,09:20,Ev Egzersizleri,"Ev egzersizleri
Durum: Genel kas-iskelet sistemi rehabilitasyonu
Hedefler: Ağrıyı azaltmak, Hareket açıklığını artırmak, Kuvvet ve dayanıklılığı geliştirmek, Günlük aktivitelere güvenli dönüş
Not: Ağrı 0-10 arasında 3'ün üzerine çıkarsa egzersizi azaltın veya durdurun. Şişlik/ısı artışı varsa buz ve elevasyon uygulayın; gerekirse profesyonel destek alın.
Detaylı içerik: plan.md",Ev
2025-09-03,09:00,2025-09-03,09:20,Ev Egzersizleri,"Ev egzersizleri
Durum: Genel kas-iskelet sistemi rehabilitasyonu
Hedefler: Ağrıyı azaltmak, Hareket açıklığını artırmak, Kuvvet ve dayanıklılığı geliştirmek, Günlük aktivitelere güvenli dönüş
Not: Ağrı 0-10 arasında 3'ün üzerine çıkarsa egzersizi azaltın veya durdurun. Şişlik/ısı artışı varsa buz ve elevasyon uygulayın; gerekirse profesyonel destek alın.
Detaylı içerik: plan.md",Ev
2025-09-04,09:00,2025-09-04,09:20,Ev Egzersizleri,"Ev egzersizleri
Durum: Genel kas-iskelet sistemi rehabilitasyonu
Hedefler: Ağrıyı azaltmak, Hareket açıklığını artırmak, Kuvvet ve dayanıklılığı geliştirmek, Günlük aktivitelere güvenli dönüş
Not: Ağrı 0-10 arasında 3'ün üzerine çıkarsa egzersizi azaltın veya durdurun. Şişlik/ısı artışı varsa buz ve elevasyon uygulayın; gerekirse profesyonel destek alın.
Detaylı içerik: plan.md",Ev
2025-09-05,09:00,2025-09-05,09:20,Ev Egzersizleri,"Ev egzersizleri
Durum: Genel kas-iskelet sistemi rehabilitasyonu
Hedefler: Ağrıyı azaltmak, Hareket açıklığını artırmak, Kuvvet ve dayanıklılığı geliştirmek, Günlük aktivitelere güvenli dönüş
Not: Ağrı 0-10 arasında 3'ün üzerine çıkarsa egzersizi azaltın veya durdurun. Şişlik/ısı artışı varsa buz ve elevasyon uygulayın; gerekirse profesyonel destek alın.
Detaylı içerik: plan.md",Ev
2025-09-06,09:00,2025-09-06,09:20,Ev Egzersizleri,"Ev egzersizleri
Durum: Genel kas-iskelet sistemi rehabilitasyonu
Hedefler: Ağrıyı azaltmak, Hareket açıklığını artırmak, Kuvvet ve dayanıklılığı geliştirmek, Günlük aktivitelere güvenli dönüş
Not: Ağrı 0-10 arasında 3'ün üzerine çıkarsa egzersizi azaltın veya durdurun. Şişlik/ısı artışı varsa buz ve elevasyon uygulayın; gerekirse profesyonel destek alın.
Detaylı içerik: plan.md",Ev
2025-09-08,09:00,2025-09-08,09:20,Ev Egzersizleri,"Ev egzersizleri
Durum: Genel kas-iskelet sistemi rehabilitasyonu
Hedefler: Ağrıyı azaltmak, Hareket açıklığını artırmak, Kuvvet ve dayanıklılığı geliştirmek, Günlük aktivitelere güvenli dönüş
Not: Ağrı 0-10 arasında 3'ün üzerine çıkarsa egzersizi azaltın veya durdurun. Şişlik/ısı artışı varsa buz ve elevasyon uygulayın; gerekirse profesyonel destek alın.
Detaylı içerik: plan.md",Ev
2025-09-09,09:00,2025-09-09,09:20,Ev Egzersizleri,"Ev egzersizleri
Durum: Genel kas-iskelet sistemi rehabilitasyonu
Hedefler: Ağrıyı azaltmak, Hareket açıklığını artırmak, Kuvvet ve dayanıklılığı geliştirmek, Günlük aktivitelere güvenli dönüş
Not: Ağrı 0-10 arasında 3'ün üzerine çıkarsa egzersizi azaltın veya durdurun. Şişlik/ısı artışı varsa buz ve elevasyon uygulayın; gerekirse profesyonel destek alın.
Detaylı içerik: plan.md",Ev
2025-09-10,09:00,2025-09-10,09:20,Ev Egzersizleri,"Ev egzersizleri
Durum: Genel kas-iskelet sistemi rehabilitasyonu
Hedefler: Ağrıyı azaltmak, Hareket açıklığını artırmak, Kuvvet ve dayanıklılığı geliştirmek, Günlük aktivitelere güvenli dönüş
Not: Ağrı 0-10 arasında 3'ün üzerine çıkarsa egzersizi azaltın veya durdurun. Şişlik/ısı artışı varsa buz ve elevasyon uygulayın; gerekirse profesyonel destek alın.
Detaylı içerik: plan.md",Ev
2025-09-11,09:00,2025-09-11,09:20,Ev Egzersizleri,"Ev egzersizleri
Durum: Genel kas-iskelet sistemi rehabilitasyonu
Hedefler: Ağrıyı azaltmak, Hareket açıklığını artırmak, Kuvvet ve dayanıklılığı geliştirmek, Günlük aktivitelere güvenli dönüş
Not: Ağrı 0-10 arasında 3'ün üzerine çıkarsa egzersizi azaltın veya durdurun. Şişlik/ısı artışı varsa buz ve elevasyon uygulayın; gerekirse profesyonel destek alın.
Detaylı içerik: plan.md",Ev
2025-09-12,09:00,2025-09-12,09:20,Ev Egzersizleri,"Ev egzersizleri
Durum: Genel kas-iskelet sistemi rehabilitasyonu
Hedefler: Ağrıyı azaltmak, Hareket açıklığını artırmak, Kuvvet ve dayanıklılığı geliştirmek, Günlük aktivitelere güvenli dönüş
Not: Ağrı 0-10 arasında 3'ün üzerine çıkarsa egzersizi azaltın veya durdurun. Şişlik/ısı artışı varsa buz ve elevasyon uygulayın; gerekirse profesyonel destek alın.
Detaylı içerik: plan.md",Ev
2025-09-13,09:00,2025-09-13,09:20,Ev Egzersizleri,"Ev egzersizleri
Durum: Genel kas-iskelet sistemi rehabilitasyonu
Hedefler: Ağrıyı azaltmak, Hareket açıklığını artırmak, Kuvvet ve dayanıklılığı geliştirmek, Günlük aktivitelere güvenli dönüş
Not: Ağrı 0-10 arasında 3'ün üzerine çıkarsa egzersizi azaltın veya durdurun. Şişlik/ısı artışı varsa buz ve elevasyon uygulayın; gerekirse profesyonel destek alın.
Detaylı içerik: plan.md",Ev
2025-09-15,09:00,2025-09-15,09:20,Ev Egzersizleri,"Ev egzersizleri
Durum: Genel kas-iskelet sistemi rehabilitasyonu
Hedefler: Ağrıyı azaltmak, Hareket açıklığını artırmak, Kuvvet ve dayanıklılığı geliştirmek, Günlük aktivitelere güvenli dönüş
Not: Ağrı 0-10 arasında 3'ün üzerine çıkarsa egzersizi azaltın veya durdurun. Şişlik/ısı artışı varsa buz ve elevasyon uygulayın; gerekirse profesyonel destek alın.
Detaylı içerik: plan.md",Ev
2025-09-16,09:00,2025-09-16,09:20,Ev Egzersizleri,"Ev egzersizleri
Durum: Genel kas-iskelet sistemi rehabilitasyonu
Hedefler: Ağrıyı azaltmak, Hareket açıklığını artırmak, Kuvvet ve dayanıklılığı geliştirmek, Günlük aktivitelere güvenli dönüş
Not: Ağrı 0-10 arasında 3'ün üzerine çıkarsa egzersizi azaltın veya durdurun. Şişlik/ısı artışı varsa buz ve elevasyon uygulayın; gerekirse profesyonel destek alın.
Detaylı içerik: plan.md",Ev
2025-09-17,09:00,2025-09-17,09:20,Ev Egzersizleri,"Ev egzersizleri
Durum: Genel kas-iskelet sistemi rehabilitasyonu
Hedefler: Ağrıyı azaltmak, Hareket açıklığını artırmak, Kuvvet ve dayanıklılığı geliştirmek, Günlük aktivitelere güvenli dönüş
Not: Ağrı 0-10 arasında 3'ün üzerine çıkarsa egzersizi azaltın veya durdurun. Şişlik/ısı artışı varsa buz ve elevasyon uygulayın; gerekirse profesyonel destek alın.
Detaylı içerik: plan.md",Ev
2025-09-18,09:00,2025-09-18,09:20,Ev Egzersizleri,"Ev egzersizleri
Durum: Genel kas-iskelet sistemi rehabilitasyonu
Hedefler: Ağrıyı azaltmak, Hareket açıklığını artırmak, Kuvvet ve dayanıklılığı geliştirmek, Günlük aktivitelere güvenli dönüş
Not: Ağrı 0-10 arasında 3'ün üzerine çıkarsa egzersizi azaltın veya durdurun. Şişlik/ısı artışı varsa buz ve elevasyon uygulayın; gerekirse profesyonel destek alın.
Detaylı içerik: plan.md",Ev
2025-09-19,09:00,2025-09-19,09:20,Ev Egzersizleri,"Ev egzersizleri
Durum: Genel kas-iskelet sistemi rehabilitasyonu
Hedefler: Ağrıyı azaltmak, Hareket açıklığını artırmak, Kuvvet ve dayanıklılığı geliştirmek, Günlük aktivitelere güvenli dönüş
Not: Ağrı 0-10 arasında 3'ün üzerine çıkarsa egzersizi azaltın veya durdurun. Şişlik/ısı artışı varsa buz ve elevasyon uygulayın; gerekirse profesyonel destek alın.
Detaylı içerik: plan.md",Ev
2025-09-20,09:00,2025-09-20,09:20,Ev Egzersizleri,"Ev egzersizleri
Durum: Genel kas-iskelet sistemi rehabilitasyonu
Hedefler: Ağrıyı azaltmak, Hareket açıklığını artırmak, Kuvvet ve dayanıklılığı geliştirmek, Günlük aktivitelere güvenli dönüş
Not: Ağrı 0-10 arasında 3'ün üzerine çıkarsa egzersizi azaltın veya durdurun. Şişlik/ısı artışı varsa buz ve elevasyon uygulayın; gerekirse profesyonel destek alın.
Detaylı içerik: plan.md",Ev
2025-09-22,09:00,2025-09-22,09:20,Ev Egzersizleri,"Ev egzersizleri
Durum: Genel kas-iskelet sistemi rehabilitasyonu
Hedefler: Ağrıyı azaltmak, Hareket açıklığını artırmak, Kuvvet ve dayanıklılığı geliştirmek, Günlük aktivitelere güvenli dönüş
Not: Ağrı 0-10 arasında 3'ün üzerine çıkarsa egzersizi azaltın veya durdurun. Şişlik/ısı artışı varsa buz ve elevasyon uygulayın; gerekirse profesyonel destek alın.
Detaylı içerik: plan.md",Ev
2025-09-23,09:00,2025-09-23,09:20,Ev Egzersizleri,"Ev egzersizleri
Durum: Genel kas-iskelet sistemi rehabilitasyonu
Hedefler: Ağrıyı azaltmak, Hareket açıklığını artırmak, Kuvvet ve dayanıklılığı geliştirmek, Günlük aktivitelere güvenli dönüş
Not: Ağrı 0-10 arasında 3'ün üzerine çıkarsa egzersizi azaltın veya durdurun. Şişlik/ısı artışı varsa buz ve elevasyon uygulayın; gerekirse profesyonel destek alın.
Detaylı içerik: plan.md",Ev
2025-09-24,09:00,2025-09-24,09:20,Ev Egzersizleri,"Ev egzersizleri
Durum: Genel kas-iskelet sistemi rehabilitasyonu
Hedefler: Ağrıyı azaltmak, Hareket açıklığını artırmak, Kuvvet ve dayanıklılığı geliştirmek, Günlük aktivitelere güvenli dönüş
Not: Ağrı 0-10 arasında 3'ün üzerine çıkarsa egzersizi azaltın veya durdurun. Şişlik/ısı artışı varsa buz ve elevasyon uygulayın; gerekirse profesyonel destek alın.
Detaylı içerik: plan.md",Ev
2025-09-25,09:00,2025-09-25,09:20,Ev Egzersizleri,"Ev egzersizleri
Durum: Genel kas-iskelet sistemi rehabilitasyonu
Hedefler: Ağrıyı azaltmak, Hareket açıklığını artırmak, Kuvvet ve dayanıklılığı geliştirmek, Günlük aktivitelere güvenli dönüş
Not: Ağrı 0-10 arasında 3'ün üzerine çıkarsa egzersizi azaltın veya durdurun. Şişlik/ısı artışı varsa buz ve elevasyon uygulayın; gerekirse profesyonel destek alın.
Detaylı içerik: plan.md",Ev
2025-09-26,09:00,2025-09-26,09:20,Ev Egzersizleri,"Ev egzersizleri
Durum: Genel kas-iskelet sistemi rehabilitasyonu
Hedefler: Ağrıyı azaltmak, Hareket açıklığını artırmak, Kuvvet ve dayanıklılığı geliştirmek, Günlük aktivitelere güvenli dönüş
Not: Ağrı 0-10 arasında 3'ün üzerine çıkarsa egzersizi azaltın veya durdurun. Şişlik/ısı artışı varsa buz ve elevasyon uygulayın; gerekirse profesyonel destek alın.
Detaylı içerik: plan.md",Ev
2025-09-27,09:00,2025-09-27,09:20,Ev Egzersizleri,"Ev egzersizleri
Durum: Genel kas-iskelet sistemi rehabilitasyonu
Hedefler: Ağrıyı azaltmak, Hareket açıklığını artırmak, Kuvvet ve dayanıklılığı geliştirmek, Günlük aktivitelere güvenli dönüş
Not: Ağrı 0-10 arasında 3'ün üzerine çıkarsa egzersizi azaltın veya durdurun. Şişlik/ısı artışı varsa buz ve elevasyon uygulayın; gerekirse profesyonel destek alın.
Detaylı içerik: plan.md",Ev
2025-09-29,09:00,2025-09-29,09:20,Ev Egzersizleri,"Ev egzersizleri
Durum: Genel kas-iskelet sistemi rehabilitasyonu
Hedefler: Ağrıyı azaltmak, Hareket açıklığını artırmak, Kuvvet ve dayanıklılığı geliştirmek, Günlük aktivitelere güvenli dönüş
Not: Ağrı 0-10 arasında 3'ün üzerine çıkarsa egzersizi azaltın veya durdurun. Şişlik/ısı artışı varsa buz ve elevasyon uygulayın; gerekirse profesyonel destek alın.
Detaylı içerik: plan.md",Ev
2025-09-30,09:00,2025-09-30,09:20,Ev Egzersizleri,"Ev egzersizleri
Durum: Genel kas-iskelet sistemi rehabilitasyonu
Hedefler: Ağrıyı azaltmak, Hareket açıklığını artırmak, Kuvvet ve dayanıklılığı geliştirmek, Günlük aktivitelere güvenli dönüş
Not: Ağrı 0-10 arasında 3'ün üzerine çıkarsa egzersizi azaltın veya durdurun. Şişlik/ısı artışı varsa buz ve elevasyon uygulayın; gerekirse profesyonel destek alın.
Detaylı içerik: plan.md",Ev
2025-10-01,09:00,2025-10-01,09:20,Ev Egzersizleri,"Ev egzersizleri
Durum: Genel kas-iskelet sistemi rehabilitasyonu
Hedefler: Ağrıyı azaltmak, Hareket açıklığını artırmak, Kuvvet ve dayanıklılığı geliştirmek, Günlük aktivitelere güvenli dönüş
Not: Ağrı 0-10 arasında 3'ün üzerine çıkarsa egzersizi azaltın veya durdurun. Şişlik/ısı artışı varsa buz ve elevasyon uygulayın; gerekirse profesyonel destek alın.
Detaylı içerik: plan.md",Ev
2025-10-02,09:00,2025-10-02,09:20,Ev Egzersizleri,"Ev egzersizleri
Durum: Genel kas-iskelet sistemi rehabilitasyonu
Hedefler: Ağrıyı azaltmak, Hareket açıklığını artırmak, Kuvvet ve dayanıklılığı geliştirmek, Günlük aktivitelere güvenli dönüş
Not: Ağrı 0-10 arasında 3'ün üzerine çıkarsa egzersizi azaltın veya durdurun. Şişlik/ısı artışı varsa buz ve elevasyon uygulayın; gerekirse profesyonel destek alın.
Detaylı içerik: plan.md",Ev
2025-10-03,09:00,2025-10-03,09:20,Ev Egzersizleri,"Ev egzersizleri
Durum: Genel kas-iskelet sistemi rehabilitasyonu
Hedefler: Ağrıyı azaltmak, Hareket açıklığını artırmak, Kuvvet ve dayanıklılığı geliştirmek, Günlük aktivitelere güvenli dönüş
Not: Ağrı 0-10 arasında 3'ün üzerine çıkarsa egzersizi azaltın veya durdurun. Şişlik/ısı artışı varsa buz ve elevasyon uygulayın; gerekirse profesyonel destek alın.
Detaylı içerik: plan.md",Ev
2025-10-04,09:00,2025-10-04,09:20,Ev Egzersizleri,"Ev egzersizleri
Durum: Genel kas-iskelet sistemi rehabilitasyonu
Hedefler: Ağrıyı azaltmak, Hareket açıklığını artırmak, Kuvvet ve dayanıklılığı geliştirmek, Günlük aktivitelere güvenli dönüş
Not: Ağrı 0-10 arasında 3'ün üzerine çıkarsa egzersizi azaltın veya durdurun. Şişlik/ısı artışı varsa buz ve elevasyon uygulayın; gerekirse profesyonel destek alın.
Detaylı içerik: plan.md",Ev
2025-10-06,09:00,2025-10-06,09:20,Ev Egzersizleri,"Ev egzersizleri
Durum: Genel kas-iskelet sistemi rehabilitasyonu
Hedefler: Ağrıyı azaltmak, Hareket açıklığını artırmak, Kuvvet ve dayanıklılığı geliştirmek, Günlük aktivitelere güvenli dönüş
Not: Ağrı 0-10 arasında 3'ün üzerine çıkarsa egzersizi azaltın veya durdurun. Şişlik/ısı artışı varsa buz ve elevasyon uygulayın; gerekirse profesyonel destek alın.
Detaylı içerik: plan.md",Ev
2025-10-07,09:00,2025-10-07,09:20,Ev Egzersizleri,"Ev egzersizleri
Durum: Genel kas-iskelet sistemi rehabilitasyonu
Hedefler: Ağrıyı azaltmak, Hareket açıklığını artırmak, Kuvvet ve dayanıklılığı geliştirmek, Günlük aktivitelere güvenli dönüş
Not: Ağrı 0-10 arasında 3'ün üzerine çıkarsa egzersizi azaltın veya durdurun. Şişlik/ısı artışı varsa buz ve elevasyon uygulayın; gerekirse profesyonel destek alın.
Detaylı içerik: plan.md",Ev
2025-10-08,09:00,2025-10-08,09:20,Ev Egzersizleri,"Ev egzersizleri
Durum: Genel kas-iskelet sistemi rehabilitasyonu
Hedefler: Ağrıyı azaltmak, Hareket açıklığını artırmak, Kuvvet ve dayanıklılığı geliştirmek, Günlük aktivitelere güvenli dönüş
Not: Ağrı 0-10 arasında 3'ün üzerine çıkarsa egzersizi azaltın veya durdurun. Şişlik/ısı artışı varsa buz ve elevasyon uygulayın; gerekirse profesyonel destek alın.
Detaylı içerik: plan.md",Ev
2025-10-09,09:00,2025-10-09,09:20,Ev Egzersizleri,"Ev egzersizleri
Durum: Genel kas-iskelet sistemi rehabilitasyonu
Hedefler: Ağrıyı azaltmak, Hareket açıklığını artırmak, Kuvvet ve dayanıklılığı geliştirmek, Günlük aktivitelere güvenli dönüş
Not: Ağrı 0-10 arasında 3'ün üzerine çıkarsa egzersizi azaltın veya durdurun. Şişlik/ısı artışı varsa buz ve elevasyon uygulayın; gerekirse profesyonel destek alın.
Detaylı içerik: plan.md",Ev
2025-10-10,09:00,2025-10-10,09:20,Ev Egzersizleri,"Ev egzersizleri
Durum: Genel kas-iskelet sistemi rehabilitasyonu
Hedefler: Ağrıyı azaltmak, Hareket açıklığını artırmak, Kuvvet ve dayanıklılığı geliştirmek, Günlük aktivitelere güvenli dönüş
Not: Ağrı 0-10 arasında 3'ün üzerine çıkarsa egzersizi azaltın veya durdurun. Şişlik/ısı artışı varsa buz ve elevasyon uygulayın; gerekirse profesyonel destek alın.
Detaylı içerik: plan.md",Ev
2025-10-11,09:00,2025-10-11,09:20,Ev Egzersizleri,"Ev egzersizleri
Durum: Genel kas-iskelet sistemi rehabilitasyonu
Hedefler: Ağrıyı azaltmak, Hareket açıklığını artırmak, Kuvvet ve dayanıklılığı geliştirmek, Günlük aktivitelere güvenli dönüş
Not: Ağrı 0-10 arasında 3'ün üzerine çıkarsa egzersizi azaltın veya durdurun. Şişlik/ısı artışı varsa buz ve elevasyon uygulayın; gerekirse profesyonel destek alın.
Detaylı içerik: plan.md",Ev
2025-08-19,19:00,2025-08-19,19:15,Yürüyüş/Kardiyo,"Kardiyo / Yürüyüş
Durum: Genel kas-iskelet sistemi rehabilitasyonu
Hedefler: Ağrıyı azaltmak, Hareket açıklığını artırmak, Kuvvet ve dayanıklılığı geliştirmek, Günlük aktivitelere güvenli dönüş
Not: Ağrı 0-10 arasında 3'ün üzerine çıkarsa egzersizi azaltın veya durdurun. Şişlik/ısı artışı varsa buz ve elevasyon uygulayın; gerekirse profesyonel destek alın.
Detaylı içerik: plan.md",Dış Mekan
2025-08-21,19:00,2025-08-21,19:15,Yürüyüş/Kardiyo,"Kardiyo / Yürüyüş
Durum: Genel kas-iskelet sistemi rehabilitasyonu
Hedefler: Ağrıyı azaltmak, Hareket açıklığını artırmak, Kuvvet ve dayanıklılığı geliştirmek, Günlük aktivitelere güvenli dönüş
Not: Ağrı 0-10 arasında 3'ün üzerine çıkarsa egzersizi azaltın veya durdurun. Şişlik/ısı artışı varsa buz ve elevasyon uygulayın; gerekirse profesyonel destek alın.
Detaylı içerik: plan.md",Dış Mekan
2025-08-23,19:00,2025-08-23,19:15,Yürüyüş/Kardiyo,"Kardiyo / Yürüyüş
Durum: Genel kas-iskelet sistemi rehabilitasyonu
Hedefler: Ağrıyı azaltmak, Hareket açıklığını artırmak, Kuvvet ve dayanıklılığı geliştirmek, Günlük aktivitelere güvenli dönüş
Not: Ağrı 0-10 arasında 3'ün üzerine çıkarsa egzersizi azaltın veya durdurun. Şişlik/ısı artışı varsa buz ve elevasyon uygulayın; gerekirse profesyonel destek alın.
Detaylı içerik: plan.md",Dış Mekan
2025-08-26,19:00,2025-08-26,19:20,Yürüyüş/Kardiyo,"Kardiyo / Yürüyüş
Durum: Genel kas-iskelet sistemi rehabilitasyonu
Hedefler: Ağrıyı azaltmak, Hareket açıklığını artırmak, Kuvvet ve dayanıklılığı geliştirmek, Günlük aktivitelere güvenli dönüş
Not: Ağrı 0-10 arasında 3'ün üzerine çıkarsa egzersizi azaltın veya durdurun. Şişlik/ısı artışı varsa buz ve elevasyon uygulayın; gerekirse profesyonel destek alın.
Detaylı içerik: plan.md",Dış Mekan
2025-08-28,19:00,2025-08-28,19:20,Yürüyüş/Kardiyo,"Kardiyo / Yürüyüş
Durum: Genel kas-iskelet sistemi rehabilitasyonu
Hedefler: Ağrıyı azaltmak, Hareket açıklığını artırmak, Kuvvet ve dayanıklılığı geliştirmek, Günlük aktivitelere güvenli dönüş
Not: Ağrı 0-10 arasında 3'ün üzerine çıkarsa egzersizi azaltın veya durdurun. Şişlik/ısı artışı varsa buz ve elevasyon uygulayın; gerekirse profesyonel destek alın.
Detaylı içerik: plan.md",Dış Mekan
2025-08-30,19:00,2025-08-30,19:20,Yürüyüş/Kardiyo,"Kardiyo / Yürüyüş
Durum: Genel kas-iskelet sistemi rehabilitasyonu
Hedefler: Ağrıyı azaltmak, Hareket açıklığını artırmak, Kuvvet ve dayanıklılığı geliştirmek, Günlük aktivitelere güvenli dönüş
Not: Ağrı 0-10 arasında 3'ün üzerine çıkarsa egzersizi azaltın veya durdurun. Şişlik/ısı artışı varsa buz ve elevasyon uygulayın; gerekirse profesyonel destek alın.
Detaylı içerik: plan.md",Dış Mekan
2025-09-02,19:00,2025-09-02,19:25,Yürüyüş/Kardiyo,"Kardiyo / Yürüyüş
Durum: Genel kas-iskelet sistemi rehabilitasyonu
Hedefler: Ağrıyı azaltmak, Hareket açıklığını artırmak, Kuvvet ve dayanıklılığı geliştirmek, Günlük aktivitelere güvenli dönüş
Not: Ağrı 0-10 arasında 3'ün üzerine çıkarsa egzersizi azaltın veya durdurun. Şişlik/ısı artışı varsa buz ve elevasyon uygulayın; gerekirse profesyonel destek alın.
Detaylı içerik: plan.md",Dış Mekan
2025-09-04,19:00,2025-09-04,19:25,Yürüyüş/Kardiyo,"Kardiyo / Yürüyüş
Durum: Genel kas-iskelet sistemi rehabilitasyonu
Hedefler: Ağrıyı azaltmak, Hareket açıklığını artırmak, Kuvvet ve dayanıklılığı geliştirmek, Günlük aktivitelere güvenli dönüş
Not: Ağrı 0-10 arasında 3'ün üzerine çıkarsa egzersizi azaltın veya durdurun. Şişlik/ısı artışı varsa buz ve elevasyon uygulayın; gerekirse profesyonel destek alın.
Detaylı içerik: plan.md",Dış Mekan
2025-09-06,19:00,2025-09-06,19:25,Yürüyüş/Kardiyo,"Kardiyo / Yürüyüş
Durum: Genel kas-iskelet sistemi rehabilitasyonu
Hedefler: Ağrıyı azaltmak, Hareket açıklığını artırmak, Kuvvet ve dayanıklılığı geliştirmek, Günlük aktivitelere güvenli dönüş
Not: Ağrı 0-10 arasında 3'ün üzerine çıkarsa egzersizi azaltın veya durdurun. Şişlik/ısı artışı varsa buz ve elevasyon uygulayın; gerekirse profesyonel destek alın.
Detaylı içerik: plan.md",Dış Mekan
2025-09-09,19:00,2025-09-09,19:30,Yürüyüş/Kardiyo,"Kardiyo / Yürüyüş
Durum: Genel kas-iskelet sistemi rehabilitasyonu
Hedefler: Ağrıyı azaltmak, Hareket açıklığını artırmak, Kuvvet ve dayanıklılığı geliştirmek, Günlük aktivitelere güvenli dönüş
Not: Ağrı 0-10 arasında 3'ün üzerine çıkarsa egzersizi azaltın veya durdurun. Şişlik/ısı artışı varsa buz ve elevasyon uygulayın; gerekirse profesyonel destek alın.
Detaylı içerik: plan.md",Dış Mekan
2025-09-11,19:00,2025-09-11,19:30,Yürüyüş/Kardiyo,"Kardiyo / Yürüyüş
Durum: Genel kas-iskelet sistemi rehabilitasyonu
Hedefler: Ağrıyı azaltmak, Hareket açıklığını artırmak, Kuvvet ve dayanıklılığı geliştirmek, Günlük aktivitelere güvenli dönüş
Not: Ağrı 0-10 arasında 3'ün üzerine çıkarsa egzersizi azaltın veya durdurun. Şişlik/ısı artışı varsa buz ve elevasyon uygulayın; gerekirse profesyonel destek alın.
Detaylı içerik: plan.md",Dış Mekan
2025-09-13,19:00,2025-09-13,19:30,Yürüyüş/Kardiyo,"Kardiyo / Yürüyüş
Durum: Genel kas-iskelet sistemi rehabilitasyonu
Hedefler: Ağrıyı azaltmak, Hareket açıklığını artırmak, Kuvvet ve dayanıklılığı geliştirmek, Günlük aktivitelere güvenli dönüş
Not: Ağrı 0-10 arasında 3'ün üzerine çıkarsa egzersizi azaltın veya durdurun. Şişlik/ısı artışı varsa buz ve elevasyon uygulayın; gerekirse profesyonel destek alın.
Detaylı içerik: plan.md",Dış Mekan
2025-09-16,19:00,2025-09-16,19:30,Yürüyüş/Kardiyo,"Kardiyo / Yürüyüş
Durum: Genel kas-iskelet sistemi rehabilitasyonu
Hedefler: Ağrıyı azaltmak, Hareket açıklığını artırmak, Kuvvet ve dayanıklılığı geliştirmek, Günlük aktivitelere güvenli dönüş
Not: Ağrı 0-10 arasında 3'ün üzerine çıkarsa egzersizi azaltın veya durdurun. Şişlik/ısı artışı varsa buz ve elevasyon uygulayın; gerekirse profesyonel destek alın.
Detaylı içerik: plan.md",Dış Mekan
2025-09-18,19:00,2025-09-18,19:30,Yürüyüş/Kardiyo,"Kardiyo / Yürüyüş
Durum: Genel kas-iskelet sistemi rehabilitasyonu
Hedefler: Ağrıyı azaltmak, Hareket açıklığını artırmak, Kuvvet ve dayanıklılığı geliştirmek, Günlük aktivitelere güvenli dönüş
Not: Ağrı 0-10 arasında 3'ün üzerine çıkarsa egzersizi azaltın veya durdurun. Şişlik/ısı artışı varsa buz ve elevasyon uygulayın; gerekirse profesyonel destek alın.
Detaylı içerik: plan.md",Dış Mekan
2025-09-20,19:00,2025-09-20,19:30,Yürüyüş/Kardiyo,"Kardiyo / Yürüyüş
Durum: Genel kas-iskelet sistemi rehabilitasyonu
Hedefler: Ağrıyı azaltmak, Hareket açıklığını artırmak, Kuvvet ve dayanıklılığı geliştirmek, Günlük aktivitelere güvenli dönüş
Not: Ağrı 0-10 arasında 3'ün üzerine çıkarsa egzersizi azaltın veya durdurun. Şişlik/ısı artışı varsa buz ve elevasyon uygulayın; gerekirse profesyonel destek alın.
Detaylı içerik: plan.md",Dış Mekan
2025-09-23,19:00,2025-09-23,19:35,Yürüyüş/Kardiyo,"Kardiyo / Yürüyüş
Durum: Genel kas-iskelet sistemi rehabilitasyonu
Hedefler: Ağrıyı azaltmak, Hareket açıklığını artırmak, Kuvvet ve dayanıklılığı geliştirmek, Günlük aktivitelere güvenli dönüş
Not: Ağrı 0-10 arasında 3'ün üzerine çıkarsa egzersizi azaltın veya durdurun. Şişlik/ısı artışı varsa buz ve elevasyon uygulayın; gerekirse profesyonel destek alın.
Detaylı içerik: plan.md",Dış Mekan
2025-09-25,19:00,2025-09-25,19:35,Yürüyüş/Kardiyo,"Kardiyo / Yürüyüş
Durum: Genel kas-iskelet sistemi rehabilitasyonu
Hedefler: Ağrıyı azaltmak, Hareket açıklığını artırmak, Kuvvet ve dayanıklılığı geliştirmek, Günlük aktivitelere güvenli dönüş
Not: Ağrı 0-10 arasında 3'ün üzerine çıkarsa egzersizi azaltın veya durdurun. Şişlik/ısı artışı varsa buz ve elevasyon uygulayın; gerekirse profesyonel destek alın.
Detaylı içerik: plan.md",Dış Mekan
2025-09-27,19:00,2025-09-27,19:35,Yürüyüş/Kardiyo,"Kardiyo / Yürüyüş
Durum: Genel kas-iskelet sistemi rehabilitasyonu
Hedefler: Ağrıyı azaltmak, Hareket açıklığını artırmak, Kuvvet ve dayanıklılığı geliştirmek, Günlük aktivitelere güvenli dönüş
Not: Ağrı 0-10 arasında 3'ün üzerine çıkarsa egzersizi azaltın veya durdurun. Şişlik/ısı artışı varsa buz ve elevasyon uygulayın; gerekirse profesyonel destek alın.
Detaylı içerik: plan.md",Dış Mekan
2025-09-30,19:00,2025-09-30,19:35,Yürüyüş/Kardiyo,"Kardiyo / Yürüyüş
Durum: Genel kas-iskelet sistemi rehabilitasyonu
Hedefler: Ağrıyı azaltmak, Hareket açıklığını artırmak, Kuvvet ve dayanıklılığı geliştirmek, Günlük aktivitelere güvenli dönüş
Not: Ağrı 0-10 arasında 3'ün üzerine çıkarsa egzersizi azaltın veya durdurun. Şişlik/ısı artışı varsa buz ve elevasyon uygulayın; gerekirse profesyonel destek alın.
Detaylı içerik: plan.md",Dış Mekan
2025-10-02,19:00,2025-10-02,19:35,Yürüyüş/Kardiyo,"Kardiyo / Yürüyüş
Durum: Genel kas-iskelet sistemi rehabilitasyonu
Hedefler: Ağrıyı azaltmak, Hareket açıklığını artırmak, Kuvvet ve dayanıklılığı geliştirmek, Günlük aktivitelere güvenli dönüş
Not: Ağrı 0-10 arasında 3'ün üzerine çıkarsa egzersizi azaltın veya durdurun. Şişlik/ısı artışı varsa buz ve elevasyon uygulayın; gerekirse profesyonel destek alın.
Detaylı içerik: plan.md",Dış Mekan
2025-10-04,19:00,2025-10-04,19:35,Yürüyüş/Kardiyo,"Kardiyo / Yürüyüş
Durum: Genel kas-iskelet sistemi rehabilitasyonu
Hedefler: Ağrıyı azaltmak, Hareket açıklığını artırmak, Kuvvet ve dayanıklılığı geliştirmek, Günlük aktivitelere güvenli dönüş
Not: Ağrı 0-10 arasında 3'ün üzerine çıkarsa egzersizi azaltın veya durdurun. Şişlik/ısı artışı varsa buz ve elevasyon uygulayın; gerekirse profesyonel destek alın.
Detaylı içerik: plan.md",Dış Mekan
2025-10-07,19:00,2025-10-07,19:40,Yürüyüş/Kardiyo,"Kardiyo / Yürüyüş
Durum: Genel kas-iskelet sistemi rehabilitasyonu
Hedefler: Ağrıyı azaltmak, Hareket açıklığını artırmak, Kuvvet ve dayanıklılığı geliştirmek, Günlük aktivitelere güvenli dönüş
Not: Ağrı 0-10 arasında 3'ün üzerine çıkarsa egzersizi azaltın veya durdurun. Şişlik/ısı artışı varsa buz ve elevasyon uygulayın; gerekirse profesyonel destek alın.
Detaylı içerik: plan.md",Dış Mekan
2025-10-09,19:00,2025-10-09,19:40,Yürüyüş/Kardiyo,"Kardiyo / Yürüyüş
Durum: Genel kas-iskelet sistemi rehabilitasyonu
Hedefler: Ağrıyı azaltmak, Hareket açıklığını artırmak, Kuvvet ve dayanıklılığı geliştirmek, Günlük aktivitelere güvenli dönüş
Not: Ağrı 0-10 arasında 3'ün üzerine çıkarsa egzersizi azaltın veya durdurun. Şişlik/ısı artışı varsa buz ve elevasyon uygulayın; gerekirse profesyonel destek alın.
Detaylı içerik: plan.md",Dış Mekan
2025-10-11,19:00,2025-10-11,19:40,Yürüyüş/Kardiyo,"Kardiyo / Yürüyüş
Durum: Genel kas-iskelet sistemi rehabilitasyonu
Hedefler: Ağrıyı azaltmak, Hareket açıklığını artırmak, Kuvvet ve dayanıklılığı geliştirmek, Günlük aktivitelere güvenli dönüş
Not: Ağrı 0-10 arasında 3'ün üzerine çıkarsa egzersizi azaltın veya durdurun. Şişlik/ısı artışı varsa buz ve elevasyon uygulayın; gerekirse profesyonel destek alın.
Detaylı içerik: plan.md",Dış Mekan
2025-08-24,20:00,2025-08-24,20:20,Haftalık Durum Değerlendirmesi,"Haftalık durum değerlendirmesi (ağrı, EHA, kuvvet, fonksiyon)
Durum: Genel kas-iskelet sistemi rehabilitasyonu
Hedefler: Ağrıyı azaltmak, Hareket açıklığını artırmak, Kuvvet ve dayanıklılığı geliştirmek, Günlük aktivitelere güvenli dönüş
Not: Ağrı 0-10 arasında 3'ün üzerine çıkarsa egzersizi azaltın veya durdurun. Şişlik/ısı artışı varsa buz ve elevasyon uygulayın; gerekirse profesyonel destek alın.
Detaylı içerik: plan.md",Ev
2025-08-31,20:00,2025-08-31,20:20,Haftalık Durum Değerlendirmesi,"Haftalık durum değerlendirmesi (ağrı, EHA, kuvvet, fonksiyon)
Durum: Genel kas-iskelet sistemi rehabilitasyonu
Hedefler: Ağrıyı azaltmak, Hareket açıklığını artırmak, Kuvvet ve dayanıklılığı geliştirmek, Günlük aktivitelere güvenli dönüş
Not: Ağrı 0-10 arasında 3'ün üzerine çıkarsa egzersizi azaltın veya durdurun. Şişlik/ısı artışı varsa buz ve elevasyon uygulayın; gerekirse profesyonel destek alın.
Detaylı içerik: plan.md",Ev
2025-09-07,20:00,2025-09-07,20:20,Haftalık Durum Değerlendirmesi,"Haftalık durum değerlendirmesi (ağrı, EHA, kuvvet, fonksiyon)
Durum: Genel kas-iskelet sistemi rehabilitasyonu
Hedefler: Ağrıyı azaltmak, Hareket açıklığını artırmak, Kuvvet ve dayanıklılığı geliştirmek, Günlük aktivitelere güvenli dönüş
Not: Ağrı 0-10 arasında 3'ün üzerine çıkarsa egzersizi azaltın veya durdurun. Şişlik/ısı artışı varsa buz ve elevasyon uygulayın; gerekirse profesyonel destek alın.
Detaylı içerik: plan.md",Ev
2025-09-14,20:00,2025-09-14,20:20,Haftalık Durum Değerlendirmesi,"Haftalık durum değerlendirmesi (ağrı, EHA, kuvvet, fonksiyon)
Durum: Genel kas-iskelet sistemi rehabilitasyonu
Hedefler: Ağrıyı azaltmak, Hareket açıklığını artırmak, Kuvvet ve dayanıklılığı geliştirmek, Günlük aktivitelere güvenli dönüş
Not: Ağrı 0-10 arasında 3'ün üzerine çıkarsa egzersizi azaltın veya durdurun. Şişlik/ısı artışı varsa buz ve elevasyon uygulayın; gerekirse profesyonel destek alın.
Detaylı içerik: plan.md",Ev
2025-09-21,20:00,2025-09-21,20:20,Haftalık Durum Değerlendirmesi,"Haftalık durum değerlendirmesi (ağrı, EHA, kuvvet, fonksiyon)
Durum: Genel kas-iskelet sistemi rehabilitasyonu
Hedefler: Ağrıyı azaltmak, Hareket açıklığını artırmak, Kuvvet ve dayanıklılığı geliştirmek, Günlük aktivitelere güvenli dönüş
Not: Ağrı 0-10 arasında 3'ün üzerine çıkarsa egzersizi azaltın veya durdurun. Şişlik/ısı artışı varsa buz ve elevasyon uygulayın; gerekirse profesyonel destek alın.
Detaylı içerik: plan.md",Ev
2025-09-28,20:00,2025-09-28,20:20,Haftalık Durum Değerlendirmesi,"Haftalık durum değerlendirmesi (ağrı, EHA, kuvvet, fonksiyon)
Durum: Genel kas-iskelet sistemi rehabilitasyonu
Hedefler: Ağrıyı azaltmak, Hareket açıklığını artırmak, Kuvvet ve dayanıklılığı geliştirmek, Günlük aktivitelere güvenli dönüş
Not: Ağrı 0-10 arasında 3'ün üzerine çıkarsa egzersizi azaltın veya durdurun. Şişlik/ısı artışı varsa buz ve elevasyon uygulayın; gerekirse profesyonel destek alın.
Detaylı içerik: plan.md",Ev
2025-10-05,20:00,2025-10-05,20:20,Haftalık Durum Değerlendirmesi,"Haftalık durum değerlendirmesi (ağrı, EHA, kuvvet, fonksiyon)
Durum: Genel kas-iskelet sistemi rehabilitasyonu
Hedefler: Ağrıyı azaltmak, Hareket açıklığını artırmak, Kuvvet ve dayanıklılığı geliştirmek, Günlük aktivitelere güvenli dönüş
Not: Ağrı 0-10 arasında 3'ün üzerine çıkarsa egzersizi azaltın veya durdurun. Şişlik/ısı artışı varsa buz ve elevasyon uygulayın; gerekirse profesyonel destek alın.
Detaylı içerik: plan.md",Ev
2025-10-12,20:00,2025-10-12,20:20,Haftalık Durum Değerlendirmesi,"Haftalık durum değerlendirmesi (ağrı, EHA, kuvvet, fonksiyon)
Durum: Genel kas-iskelet sistemi rehabilitasyonu
Hedefler: Ağrıyı azaltmak, Hareket açıklığını artırmak, Kuvvet ve dayanıklılığı geliştirmek, Günlük aktivitelere güvenli dönüş
Not: Ağrı 0-10 arasında 3'ün üzerine çıkarsa egzersizi azaltın veya durdurun. Şişlik/ısı artışı varsa buz ve elevasyon uygulayın; gerekirse profesyonel destek alın.
Detaylı içerik: plan.md",Ev
